Omero,Onions,1986-09-22
Grayce,Grissett,1976-04-02
Yvette,Bridgestock,1997-06-14
Hazel,Redmell,1977-01-21
Giulietta,Zold,1977-07-06
Bronny,Hollington,1973-10-29
Cort,Reddie,1992-12-23
Melita,Trenholme,1974-02-10
Herc,MacAllaster,1966-11-04
Parsifal,McClosh,1985-10-08
Clarisse,Coxwell,1985-12-29
Marijn,Veronique,1979-01-31
Maddie,Ovell,1973-09-18
Ernie,La Croce,1980-08-23
Kayla,Southerton,1998-01-16
Lorie,Barrott,1999-04-25
Gunner,Snugg,1993-05-27
Rori,Treker,1977-04-16
Libbie,Gutans,1987-04-07
Lolly,Sanney,1975-10-24
Ron,Gibbins,1983-08-08
Tracy,Sennett,1987-06-18
Wright,McQuirk,1998-08-19
Jacqui,Kynder,1987-08-17
Ethelind,Nairne,1987-05-02
Estell,Roycraft,1983-10-07
Nathanael,Rubke,1993-07-02
Vallie,Opfer,1986-04-08
Valaree,Gyver,1993-04-01
Gannie,Hamil,1983-08-31
Felicity,Palser,1970-02-14
Gay,Lapthorne,1984-05-28
Berri,Standbridge,1970-02-03
Zonnya,Brunelli,1995-06-08
Rozella,Quipp,1998-03-27
Farrah,Kerry,1974-12-17
Kaylyn,Hanselman,1972-12-01
Noach,Laux,1993-09-10
Cesare,Farahar,1970-03-20
Rita,Keppie,1994-11-25
Zechariah,Smoth,1979-12-27
Annabelle,McKennan,1985-09-05
Windy,Larroway,1984-06-01
Sonia,Undrill,1981-08-25
Othella,Hubbocks,1970-05-29
Carri,Wozencraft,1979-06-19
Caril,Heatlie,1995-05-21
Bron,Goodburn,1980-11-04
Alia,Longfellow,1982-08-08
Karleen,Dickon,1993-09-24
Marti,Birdwistle,1990-03-20
Bridie,Vines,1974-11-26
Carlos,Fawdrie,2000-02-29
Lula,Grise,1973-11-16
Jimmy,Salters,1971-05-18
Stavro,Carnaman,1995-11-17
Dalli,Gandar,1980-01-26
Charmine,Balog,1975-07-22
Goran,Kirkness,1979-01-29
Adlai,Sharrocks,1994-04-10
Lawrence,Gaynesford,1984-06-20
Cynthie,Dey,1981-08-03
Jan,Kyston,1993-02-09
Rhiamon,Coates,1979-05-19
Bradford,Gocke,1977-03-31
Orville,Maddyson,1987-01-10
Sabra,Schoolfield,1972-04-30
Emelyne,Carvil,1971-11-04
Clementia,Geraghty,1976-04-27
Gerome,Ogglebie,1994-11-18
Eli,Turn,1983-12-15
Taite,Farington,1992-06-16
Chan,Dubarry,1975-02-05
Anitra,Arnley,1978-08-25
Paco,Noyce,1977-12-19
Randi,Stoad,1979-06-08
Verne,Bulbrook,1968-10-28
Katharyn,Caesman,1974-03-10
Mitchell,Sinclair,1995-12-14
Celine,Beard,1994-05-20
Berny,Hennemann,1999-02-28
Guglielmo,Arnaudi,1984-07-04
Dorotea,Bidnall,1994-01-18
Suzann,Sothcott,1984-10-05
Kerby,Shorter,1967-09-20
Rayna,Ilyunin,1984-03-25
Rance,Goullee,1966-06-29
Josi,Sibbering,1967-06-19
Micheline,McInnery,1992-03-01
Susana,Gottelier,1983-12-02
Stu,Sherrington,1998-11-04
Beau,Harrild,1978-11-23
Delora,Guille,1987-08-27
Timmie,Thurske,1968-02-28
Reiko,Jindracek,1977-07-14
Donall,Cordel,1993-12-05
Nerti,Steiner,1995-03-01
Glenna,Dunkerton,1971-01-31
Gerrie,Gillian,1986-08-08
Saundra,Brammall,1991-11-26
Callean,Benoix,1986-08-24
Kylila,Silber,1969-05-20
Marcel,Danett,1980-03-20
Bastien,Ritchings,1968-04-01
Sebastien,Maudson,1978-10-12
Cyndi,Legat,1978-06-09
Wilbur,Orritt,1998-04-30
Sky,Beauvais,1970-09-12
Therese,Eversley,1996-04-26
Robbin,Murkitt,1972-09-13
Laurence,Haskey,1991-11-17
Selena,Geaves,1967-09-17
Lanae,Dovermann,1985-04-19
Imojean,Rosenstengel,1983-09-24
Ario,Rosenblatt,1995-06-15
Roselin,Jerzak,1979-05-23
Una,Geldert,1992-10-07
Yoshiko,Ekell,1992-07-24
Angeline,Cowdroy,1969-05-17
Mort,Heningham,1993-12-13
Patin,Lambeth,1996-05-18
Arney,Glendenning,1977-11-16
Alvina,Rex,1985-01-28
Lenore,Emma,1970-07-27
Yolande,Warrick,1996-10-15
Clark,Heak,1968-05-30
Robinet,Insko,1979-07-31
Beryl,Warburton,1990-04-02
Errick,Towell,1981-01-03
Kevina,Slingsby,1983-02-07
Othello,Hilary,1984-06-04
Rosaline,Chatburn,1993-12-19
Edmund,Winder,1985-04-22
Noll,Prigmore,1972-02-29
Ester,Caswell,1987-02-28
Patrice,Loges,1969-02-22
Elisha,Gosling,1993-09-11
Max,Taplow,1987-01-13
Cicily,Lapere,1994-12-19
Ruthi,Sutcliff,1993-02-13
Liv,Semark,1980-09-12
Mariana,Munson,1994-09-25
Dall,Gurnay,1985-04-20
Cliff,Mudie,1986-11-30
Olivette,Toogood,1977-02-24
Stormi,Cramb,1990-07-08
Tani,Lau,1984-04-01
Eleen,Extill,1983-08-02
Bryanty,Pudner,1998-12-27
Baxter,Kear,1983-02-05
Catlee,Henlon,1985-02-17
Suzanna,Greason,1982-03-20
Jorey,Gouldie,1969-11-08
Domingo,Copplestone,1993-01-07
Mort,Le Hucquet,1994-06-25
Correna,Starie,1986-09-03
Zola,Metcalf,1974-12-03
Doreen,Verick,1980-09-23
Odetta,Lorriman,1973-06-30
Izak,Riggott,1980-04-08
Halley,Mawman,1980-10-18
Jilleen,Mellish,1981-05-12
Maryjane,Brinklow,1985-01-30
Karly,Eilhersen,1996-02-08
Tristan,Herrero,1971-09-30
Fulvia,Faragan,1973-11-23
Glyn,Vittet,1970-06-10
Frazer,MacKimmie,1978-05-21
Sergeant,Buckby,1968-10-11
Lin,Maginn,1977-02-07
Nathaniel,Schwandt,1967-05-22
Danice,Giovanazzi,1980-02-11
Cybil,Folds,1986-01-05
Corella,Barwood,1968-06-03
Gwendolin,Joules,1995-04-15
Seth,Wohler,1986-09-16
Zebulen,Tucker,1975-12-19
Lorinda,Mauro,1971-06-29
Britta,Whelband,1980-03-22
Jim,Toghill,1976-05-20
Ebba,Bricklebank,1982-03-11
Ludovika,Dunsmore,1969-10-11
Menard,Skittles,1972-10-28
Darrell,Gobourn,1987-05-06
Corrie,Scanderet,1999-11-09
Jaine,Sleeman,1991-06-28
Bondie,Richfield,1984-01-20
Rollins,Millthorpe,1998-07-02
Andie,Meatcher,1993-08-17
Rowland,Handrock,1996-05-12
Margaret,Eeles,1981-03-05
Erastus,Reddan,1980-05-15
Esteban,Frederick,1989-12-06
Zack,Gaspard,1969-08-27
Katya,Takle,1969-06-16
Kendal,Almey,1999-12-13
Mandel,Zellmer,1976-02-24
Evelyn,Pitman,1990-01-11
Estella,Martonfi,1977-06-01
John,Dohmann,1977-02-15
Clemens,Hubberstey,1981-02-28
Dev,Garcia,1980-06-17
Jeramie,Greenham,1990-02-25
Adriano,Jochen,1973-05-31
Sapphira,Mutton,1998-12-04
Andy,Ayres,1993-12-15
Frederigo,D'Ambrogio,1999-09-28
Roch,Malyj,1970-04-15
Rouvin,Schafer,1981-04-21
Demott,Murison,1980-07-08
Antonius,Do Rosario,1993-03-08
Betti,Sharp,1983-10-29
Deerdre,Winney,1981-01-13
Brod,Wealthall,1979-06-25
Isabella,McGuffie,1995-09-24
Billy,Constable,1994-02-26
Bertrando,Piggott,1971-07-31
Skelly,Aishford,1982-08-25
Welch,Tolle,1969-01-21
Olivero,Bates,1999-05-07
Shell,Dundredge,1970-07-19
Orland,Bollins,1986-04-22
Morey,Seeger,1998-09-16
Flem,Pickston,1987-10-19
Spense,Basire,1989-02-25
Ezekiel,Tuckwood,1997-02-26
Frederich,Hailey,1994-06-03
Malachi,Lembrick,1997-02-04
Marcus,Shay,1983-08-30
Haskel,Fouracre,1977-01-11
Suzi,Afield,1972-11-01
Corliss,Hubbins,1998-06-20
Noelyn,Musk,1988-04-23
Audra,Hand,1991-01-10
Giacopo,Conrard,1966-12-31
Modestine,Royce,1989-06-13
Calley,Caush,1972-02-01
Penn,Sreenan,1974-02-15
Raquela,Kelling,1975-05-17
Norbert,Warters,1996-03-31
Boonie,Atkins,1968-04-25
Joela,Crucetti,1970-05-26
Gabriel,Ruberti,2000-05-17
Fidel,Graith,1985-11-06
Ruddy,Aistrop,1994-12-28
Ware,McAvey,1985-11-22
Jean,Dowall,1977-09-04
Ivory,Valenti,1986-05-05
Gothart,Ringsell,1994-04-01
Gabie,Faulks,1968-07-03
Adriena,Lanceley,1969-02-11
Gwenny,Callender,1984-12-03
Englebert,Nugent,1999-08-10
Cyrille,Gerretsen,1973-10-24
Lisabeth,Brasner,1969-02-10
Stacia,Boggs,1988-07-29
Billy,Prozillo,1999-06-04
Burnaby,Domonkos,1986-11-16
Gilly,Zambonini,1966-11-04
Sherilyn,Clines,1999-01-02
Romola,McKillop,1973-09-21
Penrod,Stoakley,1989-03-11
Horatius,Reubens,1980-09-06
Ada,Knightsbridge,1966-10-09
Garnet,Feragh,1991-01-20
Stu,Dacombe,1993-04-10
Benedikta,Baumert,1969-01-19
Cari,Moughtin,1974-08-03
Rochella,Knewstubb,1971-06-21
Lorant,Deerness,1994-08-06
Abagael,Skocroft,1977-10-04
Cam,Sappy,1976-09-11
Gregor,Wakeling,1981-03-28
Arv,De Blase,1992-08-22
Tate,MacPharlain,1982-02-10
Ashlin,Deeble,1984-04-26
Ambrosi,Pluck,1979-12-19
Rem,Dumper,1996-03-25
Essy,Sweeny,1966-07-20
Mirelle,Spreag,1977-09-24
Veronique,MacIlurick,1981-04-07
Cleon,Bodocs,1973-12-30
Calli,Martynikhin,1972-02-28
Napoleon,Aldwich,1998-07-01
Silvio,Rudsdell,1982-03-27
Carlo,Prendeville,1969-11-22
Lonee,Geerdts,1977-12-03
Corbin,Ell,1993-03-04
Margalo,Bristow,1976-11-15
Avictor,McSharry,1975-04-03
Elsworth,Grunwall,1988-01-26
Gabriel,Lecky,1978-02-07
Corrina,McCullum,1974-05-23
Benedicto,Bubb,1979-08-20
Penny,Gladeche,1991-01-14
Nat,Lownsbrough,1978-08-18
Geralda,Mensler,1999-12-27
Tonia,Janauschek,1990-10-04
Deeann,Chattaway,1971-09-02
Curt,Machel,1967-02-18
